ISO,Country,job_postings_per_million,remote_jobs_ratio,median_salary_usd,job_market_index
AUS,Australia,27.62,50.81967213114754,103205.5,0.8455
CAN,Canada,18.85,49.93498049414824,100392.0,0.6573
DEU,Germany,9.67,47.85012285012285,106923.0,0.3185
GBR,United Kingdom,10.75,46.844993141289436,115281.0,0.2117
KOR,South Korea,13.97,49.445983379501385,76244.5,0.6822
USA,United States,2.12,48.89502762430939,128606.0,0.1547
